"employee_name","employee_phone_id"
"Elijah Jones","employee_28"
"Olivia Jones","employee_14"
"Liam Patel","employee_35"
"Olivia Lee","employee_14"
"Noah Johnson","employee_14"
"Emma Jones","employee_27"
"Noah Wang","employee_3"
"William Garcia","employee_15"
"Charlotte Johnson","employee_43"
"Ava Wang","employee_25"
"Liam Nguyen","employee_26"
"Emma Patel","employee_42"
"Charlotte Wang","employee_8"
"Elijah Patel","employee_27"
"Charlotte Johnson","employee_50"
"Charlotte Patel","employee_29"
"Charlotte Brown","employee_15"
"James Lee","employee_25"
"Liam Brown","employee_26"
"Noah Nguyen","employee_3"
"Liam Smith","employee_9"
"Liam Lee","employee_42"
"James Wang","employee_3"
"Ava Brown","employee_15"
"Emma Nguyen","employee_3"
"Emma Johnson","employee_14"
"Charlotte Nguyen","employee_26"
"Noah Nguyen","employee_8"
"Emma Patel","employee_26"
"Sophia Nguyen","employee_28"
"Emma Lee","employee_8"
"Sophia Kim","employee_42"
"Emma Nguyen","employee_26"
"Ava Lee","employee_28"
"Sophia Brown","employee_14"
"Sophia Brown","employee_14"
"Emma Nguyen","employee_27"
"Noah Jones","employee_28"
"Liam Smith","employee_42"
"James Jones","employee_9"
"Sophia Nguyen","employee_25"
"William Brown","employee_15"
"Ava Johnson","employee_15"
"Charlotte Nguyen","employee_26"
"Elijah Garcia","employee_35"
"Elijah Wang","employee_14"
"James Patel","employee_50"
"Ava Kim","employee_28"
"Ava Johnson","employee_35"
"Emma Johnson","employee_42"
